gene_symbol,log2FC_GSE19804,adj_p_value_GSE19804,log2FC_GSE10072,adj_p_value_GSE10072,sig_a,sig_b,combined_rank
SPP1,4.50335,2.41597e-25,4.36442,3.97202e-34,True,True,3
AGER,-3.46292,7.2061e-35,-4.41747,1.51814e-34,True,True,10
FABP4,-3.74737,9.56492e-21,-3.83854,4.56715e-34,True,True,10
WIF1,-3.7736,2.45253e-13,-3.68671,6.16462e-23,True,True,11
TMEM100,-3.56547,2.09758e-17,-3.57031,1.13214e-25,True,True,15
COL11A1,3.97573,1.57808e-14,3.06152,4.13106e-19,True,True,17
FCN3,-3.40527,9.6778e-20,-3.5031,1.98757e-25,True,True,19
SFTPC,-3.26941,5.08223e-16,-3.98982,1.60796e-32,True,True,19
GPM6A,-4.19843,3.79556e-28,-2.83584,2.24628e-26,True,True,21
CLIC5,-3.45981,3.22178e-20,-3.08355,2.37204e-28,True,True,23
CLDN18,-3.22829,2.47357e-16,-3.44641,1.74511e-29,True,True,26
SCGB1A1,-3.38117,1.57718e-09,-2.75742,1.76167e-09,True,True,34
SPINK1,3.33911,2.18576e-10,2.7584,1.50821e-11,True,True,35
TNNC1,-3.11719,4.9234e-26,-2.89798,2.34203e-27,True,True,37
MMP1,3.04219,3.63646e-10,2.86204,3.99175e-14,True,True,40
CLEC3B /// EXOSC7,-2.87982,2.19385e-26,-3.41185,5.27107e-34,True,True,40
ABCA8,-2.81135,4.49852e-15,-2.95991,5.27107e-34,True,True,49
EDNRB,-2.76944,8.71574e-25,-3.16126,7.89018e-33,True,True,49
FAM107A,-2.64946,5.35429e-25,-3.3718,1.48001e-39,True,True,52
CD36,-3.36681,5.50293e-19,-2.41698,5.27107e-34,True,True,54
MT1M,-3.11588,6.58311e-15,-2.55057,2.71925e-20,True,True,54
FHL1,-2.95898,1.61513e-17,-2.55504,6.42075e-33,True,True,56
GREM1,3.02712,5.71711e-12,2.54836,6.32868e-21,True,True,57
SOSTDC1,-3.3862,1.90941e-17,-2.29241,7.14884e-17,True,True,59
UPK3B,-2.77834,1.09547e-16,-2.70631,1.77703e-20,True,True,60
FIGF /// PIR-FIGF,-2.85505,6.87002e-19,-2.5549,2.21943e-31,True,True,62
MMP12,3.1754,3.11372e-14,2.37732,1.16608e-17,True,True,63
TOX3,3.19596,3.35002e-19,2.31132,1.8382e-16,True,True,65
CAV1,-2.65233,1.14597e-21,-2.67774,1.9455e-30,True,True,66
ADIRF,-2.56635,2.73113e-22,-2.70546,3.92075e-28,True,True,70
HBB,-2.47277,1.75799e-15,-2.71113,3.49076e-23,True,True,73
HBA1 /// HBA2,-2.40933,4.69831e-16,-2.848,2.46856e-22,True,True,73
TEK,-2.60435,2.89958e-23,-2.46645,1.27252e-30,True,True,79
CA4,-2.50273,1.60616e-30,-2.55351,2.89975e-25,True,True,79
TOP2A,2.63876,1.56068e-18,2.45596,2.13184e-23,True,True,80
FMO2,-2.54369,2.94107e-21,-2.46807,2.34802e-25,True,True,81
SDPR,-2.8941,1.09687e-19,-2.25911,7.80861e-21,True,True,82
COL1A1,2.9984,6.09363e-18,2.22377,3.4432e-16,True,True,86
CEACAM5,2.59171,6.55773e-09,2.28541,3.87298e-11,True,True,92
COL10A1,3.79823,1.61618e-24,1.95112,1.1347e-21,True,True,94
FOSB,-2.68793,3.28129e-12,-2.25287,6.41663e-12,True,True,95
CAV2,-2.3387,1.47599e-16,-2.4641,1.005e-26,True,True,95
CDH5,-2.20257,6.30208e-24,-2.61957,9.78325e-37,True,True,100
CPB2,-2.8009,1.04278e-11,-2.13965,5.47926e-20,True,True,103
AQP4,-2.37469,6.89986e-13,-2.26563,5.57846e-21,True,True,106
SFTPD,-2.12855,4.48635e-08,-2.71663,2.48697e-21,True,True,113
CP,2.23686,3.70975e-11,2.28409,1.12522e-19,True,True,118
KLF4,-2.29494,6.15543e-16,-2.21986,7.54711e-24,True,True,126
SULF1,2.13605,1.10284e-14,2.36008,2.90557e-24,True,True,130
TGFBR3,-2.11427,2.35969e-16,-2.4222,1.41083e-31,True,True,131
KAL1,-2.41642,2.97216e-19,-2.05501,2.53006e-23,True,True,131
SPOCK2,-2.47131,4.62033e-30,-2.03189,8.25988e-31,True,True,132
ZBTB16,-2.16965,1.2303e-08,-2.25853,9.9397e-23,True,True,133
SFTPA1 /// SFTPA2,-3.19851,2.19749e-09,-1.83581,1.16713e-09,True,True,139
LDB2,-2.14165,2.21419e-21,-2.21178,2.46776e-33,True,True,146
CHRDL1,-2.29787,1.70942e-11,-2.00151,7.01576e-26,True,True,147
CFD,-2.14068,7.70805e-17,-2.15852,7.91075e-26,True,True,150
EMCN,-2.92048,1.3947e-23,-1.80385,1.10029e-26,True,True,156
RGCC,-2.05028,8.06149e-20,-2.24336,3.91827e-29,True,True,160
CXCL13,2.14051,1.41965e-06,2.05431,1.72177e-12,True,True,162
THBS2,2.13053,1.25272e-15,2.08649,9.81742e-21,True,True,165
ADAMTSL3,-2.14793,1.89134e-18,-1.99369,1.47294e-27,True,True,167
FOXF1,-2.01158,9.09059e-21,-2.22806,1.09408e-28,True,True,169
CRABP2,2.30497,8.47981e-17,1.8752,2.82105e-14,True,True,171
MARCO,-1.95907,7.80264e-14,-2.34417,1.53052e-19,True,True,172
MFAP4,-2.02361,1.13143e-15,-2.1114,1.23891e-25,True,True,175
LEPR /// LEPROT,-1.89285,1.35031e-15,-2.59434,3.13022e-28,True,True,177
SLC6A4,-3.59242,1.71588e-17,-1.57214,2.7495e-12,True,True,183
KIAA1462,-2.17508,1.12091e-22,-1.87641,4.64936e-25,True,True,186
ARHGAP6,-2.10154,8.69554e-20,-1.94018,5.40888e-29,True,True,187
PDZD2,-1.92282,5.631e-14,-2.25984,2.04571e-27,True,True,190
KCNK3,-2.00328,4.1761e-24,-2.04944,8.9983e-31,True,True,192
CYP4B1,-1.72966,3.27146e-07,-3.7098,4.42572e-22,True,True,195
LOC101927458 /// LPHN2,-2.07857,1.30961e-17,-1.92298,3.30305e-26,True,True,195
CLDN5,-2.11161,2.51457e-21,-1.88828,7.89018e-33,True,True,199
GPM6B,-1.93958,4.75374e-19,-2.17366,3.53201e-30,True,True,200
DUOX1,-1.92628,9.94099e-15,-2.17652,5.98818e-34,True,True,202
DLC1,-1.9003,2.43478e-16,-2.2454,9.55307e-24,True,True,203
COL3A1,1.98343,9.92226e-18,1.95327,5.95534e-14,True,True,207
GNG11,-2.24147,4.68774e-24,-1.7135,6.69302e-21,True,True,210
LAMP3,-1.8907,1.26066e-14,-2.2256,7.86809e-21,True,True,210
ADAMTS1,-2.04392,6.31193e-14,-1.88116,2.33605e-16,True,True,212
BCHE,-2.45927,4.64284e-12,-1.65198,1.10073e-20,True,True,213
GPC3,-1.98719,1.03951e-14,-1.9217,5.00948e-20,True,True,213
IL1RL1,-2.87256,3.32823e-11,-1.55703,7.92101e-09,True,True,216
RAMP3,-2.0077,6.696e-21,-1.89776,1.04149e-19,True,True,216
GRK5,-1.77003,1.61052e-30,-2.38807,2.23847e-37,True,True,219
GOLM1,2.06918,8.2212e-28,1.83141,1.67021e-24,True,True,222
HMGB3,1.84433,7.37408e-16,2.2162,3.87896e-23,True,True,223
PIP5K1B,-2.13218,7.46493e-16,-1.76377,8.3784e-27,True,True,223
VWF,-1.80757,6.71765e-18,-2.25847,3.97202e-34,True,True,224
GIMAP6,-1.95908,1.88929e-18,-1.91016,4.29635e-23,True,True,225
THBD,-1.96009,1.17391e-19,-1.88174,2.51502e-25,True,True,231
CLIC3,-1.87641,1.83849e-15,-2.03259,1.05512e-20,True,True,231
EMP2,-1.86774,1.89107e-21,-2.02716,4.66638e-28,True,True,236
CXCL2,-2.17339,1.63921e-12,-1.66195,1.15997e-08,True,True,237
PGC,-1.73619,4.04843e-06,-2.26224,3.24367e-19,True,True,238
AOC3,-1.95958,1.44948e-14,-1.86864,8.03167e-31,True,True,238
CDH3,1.97513,1.64474e-18,1.84023,5.78971e-17,True,True,238
LPL,-1.70145,1.5767e-13,-2.38926,1.09678e-25,True,True,239
AKAP2 /// PALM2-AKAP2,-2.07688,2.91053e-22,-1.71444,4.50815e-29,True,True,241
ACADL,-2.05006,5.36032e-20,-1.73773,9.48025e-32,True,True,242
AGTR1,-2.09755,2.9607e-16,-1.6991,4.55218e-28,True,True,243
VIPR1,-1.89739,1.49961e-14,-1.93067,1.17952e-17,True,True,243
TCF21,-1.64581,3.30713e-20,-2.5301,7.5422e-34,True,True,245
IL33,-2.03683,7.16954e-12,-1.71333,6.55358e-20,True,True,249
SLIT2,-1.83713,3.55932e-16,-1.96687,1.30012e-29,True,True,249
KIAA0101,2.06765,4.50125e-19,1.68484,6.55241e-20,True,True,252
SLC1A1,-1.84382,8.18704e-11,-1.93709,6.34992e-18,True,True,254
ID4,-1.86233,1.30633e-11,-1.90987,6.00692e-23,True,True,255
PPAP2C,1.90424,5.07592e-19,1.87245,3.61911e-25,True,True,257
TIE1,-1.82841,1.73855e-21,-1.93103,3.57053e-29,True,True,258
TSPAN7,-1.94342,1.65286e-13,-1.80471,8.66562e-23,True,True,258
ADH1B,-2.23169,5.3357e-19,-1.5515,1.31827e-27,True,True,258
C7,-1.93707,2.44101e-09,-1.77557,7.63551e-18,True,True,267
RRM2,1.94141,1.21272e-13,1.69447,1.71939e-18,True,True,281
CXCL14,2.42991,6.84412e-12,1.46085,1.60715e-06,True,True,284
AQP1,-1.78953,2.18987e-11,-1.84756,2.51837e-14,True,True,288
ADARB1,-1.73205,1.12141e-18,-1.89919,9.09882e-30,True,True,292
COL1A2,1.83176,1.72501e-14,1.7929,3.57628e-14,True,True,292
EPAS1,-1.63002,3.8288e-24,-2.08743,1.72625e-32,True,True,292
PCOLCE2,-2.02239,2.05372e-13,-1.54752,2.13513e-16,True,True,296
RASIP1,-1.95229,6.17835e-27,-1.5948,3.38617e-29,True,True,298
CD24,1.61818,1.01244e-12,2.0877,1.39506e-14,True,True,299
KLF2,-1.67268,1.7218e-16,-1.92436,1.69721e-26,True,True,299
TMPRSS4,2.31959,3.50096e-15,1.44196,3.51018e-13,True,True,303
DACH1,-2.23744,6.79312e-18,-1.44287,1.58953e-22,True,True,309
ADRB2,-1.95728,1.38278e-18,-1.55969,6.39201e-23,True,True,309
GPX3,-1.57697,1.26626e-12,-2.11088,1.22956e-27,True,True,311
S100A2,1.69502,2.11792e-07,1.87399,7.23196e-09,True,True,311
MMP11,2.28138,9.67178e-14,1.42854,1.24523e-14,True,True,312
PLA2G1B,-1.60937,2.42569e-05,-2.00794,2.36294e-19,True,True,317
CDC20,1.78769,1.05813e-13,1.67434,1.431e-17,True,True,324
LRRN3,-2.10639,5.83991e-20,-1.45954,9.4044e-25,True,True,326
CD93,-1.72117,1.67385e-17,-1.74854,1.15716e-30,True,True,327
RAMP2,-1.71268,1.97162e-17,-1.76885,7.60686e-27,True,True,330
CXCL3,-1.98484,2.63921e-10,-1.48791,3.90216e-10,True,True,331
SEMA3G,-1.84584,3.72052e-15,-1.57959,1.93607e-16,True,True,333
XAGE1B /// XAGE1E,1.63297,3.13072e-07,1.84565,2.20429e-10,True,True,335
CLU,-1.62602,6.46613e-11,-1.85879,2.06262e-18,True,True,337
CES1 /// LOC100653057,-1.60963,2.09664e-11,-1.89633,4.57877e-16,True,True,337
CCL14 /// CCL15-CCL14,-1.94168,1.555e-11,-1.50663,2.93186e-18,True,True,337
ABCC3,2.13361,2.55441e-20,1.42515,6.00828e-18,True,True,339
FRY,-1.55578,3.59277e-13,-1.94567,2.13014e-24,True,True,339
LIMCH1,-1.65757,1.11789e-13,-1.73932,3.51709e-23,True,True,346
HSD17B6,-1.71868,6.5302e-06,-1.66925,8.35894e-18,True,True,348
ZWINT,1.77402,5.15056e-17,1.57499,1.62125e-18,True,True,350
SPTBN1,-2.5091,7.2061e-35,-1.31509,3.21095e-27,True,True,352
STXBP6,-2.13921,3.95747e-22,-1.40548,1.1888e-24,True,True,352
SRPX,-1.5872,1.01429e-12,-1.86619,5.88386e-25,True,True,353
ACKR1,-2.18066,2.82805e-12,-1.3798,3.525e-13,True,True,353
NEDD4L,-1.97166,2.70438e-15,-1.45649,1.84879e-21,True,True,353
SRD5A1,1.85143,2.74541e-17,1.53519,5.27364e-16,True,True,355
PTPRB,-1.93427,1.0614e-26,-1.47619,8.07871e-25,True,True,356
HBEGF,-2.01943,5.39114e-16,-1.42352,2.45854e-17,True,True,361
CDO1,-2.32273,2.56494e-17,-1.31513,9.10131e-20,True,True,363
ADAMTS8,-1.7241,2.38845e-23,-1.58154,2.08466e-25,True,True,364
PDK4,-2.72906,3.89816e-12,-1.27348,6.72907e-15,True,True,364
IGF2BP3,1.62882,2.28537e-08,1.70429,1.69512e-10,True,True,365
LGSN,2.13463,1.16479e-10,1.36552,4.93338e-10,True,True,366
EFEMP1,-1.71726,1.00504e-12,-1.588,2.78207e-17,True,True,366
COMP,2.20459,8.90005e-15,1.33702,2.89812e-10,True,True,368
ZBED2,-2.34004,1.51304e-19,-1.3077,2.73346e-14,True,True,368
SFTPB,-1.45082,4.34304e-05,-2.06093,4.58561e-14,True,True,369
NUSAP1,1.68029,1.41153e-14,1.59229,4.38276e-18,True,True,372
FLRT3,-1.66392,2.99497e-09,-1.6134,4.07009e-13,True,True,372
PECAM1,-1.55656,1.77055e-22,-1.81391,1.87028e-35,True,True,373
MDK,1.55087,5.33739e-15,1.82029,4.42572e-22,True,True,374
SLC39A8,-1.45662,5.57469e-13,-1.96264,7.39164e-21,True,True,376
NEK2,1.76314,2.47143e-11,1.51537,1.2598e-14,True,True,383
CACNA2D2,-1.39261,1.3235e-07,-2.09511,1.84879e-21,True,True,388
GHR,-1.85501,3.25753e-14,-1.45538,1.72092e-22,True,True,390
TAL1,-2.21434,1.95019e-24,-1.29273,5.53143e-24,True,True,390
ATF3,-1.99736,1.58045e-12,-1.37353,1.99967e-07,True,True,392
GATA6,-1.4909,2.6534e-08,-1.83654,3.41381e-23,True,True,393
SOCS2,-2.0087,1.759e-15,-1.35801,5.6463e-15,True,True,395
JAM2,-1.64523,1.13547e-21,-1.55913,5.84549e-33,True,True,395
NQO1,1.63798,4.24168e-13,1.55947,2.77263e-11,True,True,396
ANXA3,-1.77648,9.35544e-11,-1.46999,3.65239e-12,True,True,399
GDF15,1.56786,3.27626e-07,1.66173,1.58911e-10,True,True,402
CLDN22 /// WWC2,-1.91168,1.23739e-24,-1.41401,1.25629e-20,True,True,405
DOCK4,-1.45429,9.2914e-20,-1.85193,9.11774e-25,True,True,407
PHLDA2,1.3669,2.29979e-09,2.00846,1.43823e-17,True,True,408
LYVE1,-2.29579,1.1201e-22,-1.23066,9.99259e-23,True,True,410
TNS1,-1.47284,3.67081e-18,-1.77746,1.09516e-30,True,True,411
ASPM,1.7144,3.29654e-10,1.483,8.43065e-16,True,True,412
SMAD6,-1.49062,1.56353e-13,-1.71738,2.76274e-16,True,True,414
P2RY14,-1.65885,3.8638e-15,-1.49218,9.65168e-22,True,True,416
CEP55,1.62024,2.00364e-10,1.54098,1.47263e-18,True,True,416
CCNB1,1.71784,1.07059e-12,1.47128,1.87679e-17,True,True,418
FGFR4,-1.7512,4.33334e-20,-1.44926,1.09628e-27,True,True,419
KL,-2.27308,1.99947e-23,-1.21995,4.2995e-20,True,True,420
HIGD1B,-1.89779,1.24145e-25,-1.36397,3.97202e-34,True,True,427
ABCA3,-1.28675,9.08567e-10,-2.09606,1.56916e-20,True,True,427
TNXA /// TNXB,-1.46719,1.92051e-16,-1.69411,9.48025e-32,True,True,431
FXYD1,-1.62622,1.32437e-16,-1.48808,6.70283e-26,True,True,434
NEBL,-1.96185,6.88085e-23,-1.30649,6.23205e-18,True,True,435
AGR2,1.64062,8.88209e-11,1.47337,1.64796e-09,True,True,435
SORBS1,-1.44886,1.20127e-08,-1.71479,1.53914e-20,True,True,435
DNAJC12,1.91248,2.22701e-10,1.33847,5.29844e-11,True,True,436
BUB1B,1.76902,1.56353e-13,1.42086,4.00435e-14,True,True,437
C14orf132,-1.60937,5.2169e-14,-1.51403,3.57053e-29,True,True,438
S1PR1,-1.98712,2.0622e-22,-1.27745,1.79821e-25,True,True,440
SEMA6A,-1.61518,2.48262e-23,-1.48982,7.00404e-15,True,True,440
SASH1,-1.61286,3.25514e-19,-1.49039,3.61995e-30,True,True,440
PCDH17,-1.74899,5.68609e-16,-1.42143,2.02826e-20,True,True,441
TMEM47,-1.4603,1.32084e-12,-1.64787,5.1138e-18,True,True,447
COL5A2,1.73483,2.44317e-14,1.41959,1.65377e-13,True,True,449
DLGAP5,1.90558,2.30547e-12,1.31179,1.90137e-13,True,True,450
IL6,-2.84491,6.95364e-12,-1.10358,4.25185e-05,True,True,459
ANGPT1,-1.62743,1.03023e-13,-1.44252,5.53143e-24,True,True,462
APOLD1,-1.76048,1.62124e-10,-1.35847,6.4653e-12,True,True,464
CST1,2.98963,7.86412e-16,1.08089,2.65237e-08,True,True,464
DNASE1L3,-1.87068,5.87145e-18,-1.30497,5.99945e-20,True,True,466
FEZ1,-1.60967,2.11699e-14,-1.4525,6.23992e-28,True,True,466
OLR1,-1.45541,6.4843e-07,-1.56392,6.77968e-13,True,True,468
SCG5,1.77327,2.04719e-11,1.33885,4.99197e-11,True,True,470
GCNT3,2.47473,3.14401e-18,1.11465,1.846e-10,True,True,470
MME,-2.19432,2.1426e-27,-1.15552,3.31873e-15,True,True,471
TYMS,1.53471,2.46051e-12,1.48261,6.88743e-18,True,True,474
KDELR3,1.69142,5.98365e-21,1.38607,2.98807e-20,True,True,476
FAM189A2,-1.79586,1.5734e-22,-1.31001,4.98208e-26,True,True,479
QKI,-1.2188,5.24725e-32,-1.90307,1.40513e-25,True,True,481
CENPU,1.49032,1.35837e-11,1.49476,1.43361e-17,True,True,484
LHFP,-1.38664,4.8996e-16,-1.64105,5.53143e-24,True,True,484
GINS1,1.96395,1.64553e-14,1.19728,9.78261e-15,True,True,485
BMP2,-1.70054,2.5684e-13,-1.34582,3.58323e-13,True,True,489
C1orf106,1.65058,3.69629e-12,1.35721,6.65718e-20,True,True,495
HEG1,-1.4391,5.22604e-22,-1.51968,2.10058e-26,True,True,498
TPPP3,-1.31161,4.07349e-07,-1.66846,9.5903e-19,True,True,499
FHL5,-1.94517,1.17363e-16,-1.19386,6.01325e-25,True,True,499
GALNT7,1.46502,5.1276e-17,1.48141,1.08332e-18,True,True,501
SCEL,-2.09656,2.518e-10,-1.14361,2.6491e-06,True,True,501
CLDN3,1.17131,8.11873e-10,1.90827,8.01896e-16,True,True,502
MIR22 /// MIR22HG,-1.42722,2.50349e-13,-1.5379,2.82451e-19,True,True,502
RECK,-1.53819,3.61048e-14,-1.42663,1.12935e-21,True,True,503
KLF9,-1.43207,6.89986e-13,-1.52167,2.27022e-16,True,True,504
EDN1,-1.90589,1.59873e-16,-1.19931,4.08318e-11,True,True,505
MELK,1.61802,8.26546e-12,1.36364,2.45516e-16,True,True,508
SLCO2A1,-1.3881,1.27736e-11,-1.54628,7.00301e-20,True,True,510
LTBP4,-1.43375,3.03028e-18,-1.49928,7.14884e-17,True,True,510
HYAL1,-1.63656,3.34641e-13,-1.33573,9.94932e-22,True,True,513
LGR4,1.82203,2.50251e-14,1.22854,1.0198e-14,True,True,514
CENPF,1.61896,9.44281e-13,1.34167,2.357e-16,True,True,516
ECT2,1.27867,1.23709e-08,1.66433,7.70044e-18,True,True,516
NMU,1.53712,1.7385e-12,1.40586,3.77834e-09,True,True,521
TMEM204,-1.30633,9.67178e-14,-1.56459,3.0233e-25,True,True,521
LMO2,-1.33308,1.32267e-16,-1.55374,5.88095e-24,True,True,521
LDLR,-1.55171,6.71035e-13,-1.38946,9.83602e-17,True,True,523
GDF10,-1.97101,3.95969e-18,-1.14762,1.10073e-20,True,True,523
CALCRL,-2.1597,1.15417e-18,-1.0705,1.39155e-15,True,True,523
IL7R,-1.52182,8.06503e-11,-1.4053,4.61659e-14,True,True,529
RAI2,-1.43049,4.62598e-14,-1.47061,1.91131e-28,True,True,530
BIRC5,1.65772,1.52973e-12,1.28118,5.827e-15,True,True,530
KRT15,1.16147,2.15413e-07,1.81551,1.1735e-09,True,True,531
NRN1,-1.81758,9.7172e-15,-1.19625,3.27695e-17,True,True,532
METTL7A,-1.21215,1.13079e-13,-1.68517,7.95211e-26,True,True,532
FBLN5,-1.35026,1.9761e-11,-1.51894,2.70222e-25,True,True,533
CAMK2N1,-1.43413,3.25292e-11,-1.44959,1.17338e-13,True,True,538
OGN,-2.19402,1.28218e-10,-1.03089,6.64311e-12,True,True,540
FXYD6,-1.41874,4.26666e-19,-1.46266,3.61477e-30,True,True,540
LIMS2,-1.22493,6.21901e-20,-1.6278,2.91357e-23,True,True,542
KANK3,-2.01436,8.1717e-30,-1.08951,1.89352e-20,True,True,542
ITGA8,-1.65859,1.37557e-14,-1.24913,3.04265e-15,True,True,545
PLOD2,1.16124,1.26681e-08,1.73783,7.90547e-19,True,True,546
SLPI,-1.14138,1.99803e-05,-1.81406,4.09155e-13,True,True,546
PID1,-1.29118,1.37099e-10,-1.53584,7.27289e-24,True,True,547
CEBPD,-1.91921,1.7181e-11,-1.13714,4.78914e-12,True,True,548
CD52,-1.25515,5.4541e-09,-1.55703,3.61907e-15,True,True,549
SEMA5A,-1.43757,6.21901e-20,-1.42605,9.63367e-26,True,True,549
HSPB8,-1.42866,1.27402e-12,-1.43418,1.48352e-22,True,True,551
DES,-1.4548,1.6589e-16,-1.41745,1.83326e-18,True,True,552
NME1,1.14763,8.26655e-16,1.74771,6.87991e-29,True,True,552
MAD2L1,1.4531,2.51563e-09,1.42074,2.68819e-15,True,True,552
IGFBP3,1.17137,1.35995e-08,1.67065,2.13199e-17,True,True,553
SYNM,-1.73798,7.37386e-18,-1.1899,6.67527e-25,True,True,557
SPARCL1,-1.27137,3.43881e-12,-1.5334,3.74892e-23,True,True,558
ICAM2,-1.27846,1.74216e-19,-1.53223,8.07112e-24,True,True,558
RBP4,-1.30569,6.06132e-08,-1.48739,5.16643e-13,True,True,559
PAICS,1.16781,1.71818e-17,1.6691,1.44971e-24,True,True,559
TBX2,-1.24085,1.43234e-13,-1.54168,6.17386e-26,True,True,560
RGS17,1.91448,7.07643e-12,1.11444,4.97807e-15,True,True,562
ANXA8 /// ANXA8L1,-1.8515,1.47958e-18,-1.13723,7.31993e-13,True,True,565
MMRN2,-1.76368,3.2645e-20,-1.1713,2.77374e-24,True,True,565
MMP9,1.44299,5.37783e-06,1.40508,2.75568e-13,True,True,565
MMP7,1.59903,2.47315e-09,1.26882,1.15343e-06,True,True,566
COX7A1,-1.35562,2.56436e-16,-1.44604,1.0088e-25,True,True,568
NDNF,-1.21721,9.10927e-08,-1.54722,6.28117e-16,True,True,570
LINC00312,-1.74886,3.83848e-16,-1.16864,2.08549e-20,True,True,572
PALMD,-1.53682,6.9464e-14,-1.29491,3.62673e-20,True,True,573
PTGER4,-1.37557,2.72074e-12,-1.4236,2.58934e-16,True,True,575
IGK /// IGKC,1.17927,0.000118123,1.56033,1.642e-08,True,True,576
CRYAB,-1.55874,2.87255e-17,-1.26419,7.95494e-27,True,True,576
VSIG4,-1.16576,1.60653e-08,-1.58396,2.97934e-18,True,True,577
ALDH1A1,-1.08183,1.7383e-05,-1.79185,1.18686e-14,True,True,579
NEDD9,-1.28731,1.03138e-12,-1.46499,1.15075e-15,True,True,582
HOXA5,-1.41303,1.20628e-11,-1.40246,3.35977e-24,True,True,585
ERG,-1.09738,3.60328e-21,-1.70589,5.97313e-26,True,True,586
ITM2A,-1.51531,1.35129e-19,-1.27762,1.08077e-27,True,True,589
PLAU,1.25726,3.56612e-09,1.46373,2.61044e-14,True,True,591
PRC1,1.3594,1.65566e-10,1.41044,6.48234e-13,True,True,591
CA2,-1.10299,0.000865184,-1.66988,6.20293e-17,True,True,594
SPAG4,1.52413,5.60788e-15,1.25761,9.46244e-20,True,True,595
TFAP2A,1.77508,4.90812e-14,1.10592,3.94002e-16,True,True,599
WASF3,-1.55267,2.56721e-13,-1.22229,3.4668e-17,True,True,601
abParts /// IGKC /// IGKV4-1 /// IGKV4-1,1.13558,0.000723542,1.56591,3.28163e-07,True,True,601
COL5A1,1.56477,9.48966e-13,1.21739,1.05258e-10,True,True,602
UBE2C,1.51629,5.1557e-13,1.24814,7.52881e-14,True,True,603
TPSAB1,-1.10651,8.11037e-05,-1.62589,2.22493e-11,True,True,603
TTK,1.66511,2.9627e-10,1.15162,8.41245e-12,True,True,603
CRIM1 /// LOC101929500,-1.2067,1.18362e-14,-1.47551,1.25629e-20,True,True,606
PAPSS2,-1.20756,1.50932e-18,-1.47254,1.01401e-16,True,True,607
PTGDS,-1.50022,1.22316e-09,-1.24279,2.03583e-21,True,True,610
MAFF,-1.61874,6.19747e-14,-1.17032,2.36769e-09,True,True,612
LMO7,-1.80828,1.0728e-16,-1.05636,5.1615e-13,True,True,615
NR4A2,-1.87113,9.51007e-11,-1.02555,9.3099e-06,True,True,619
GATA2,-1.33031,3.1452e-16,-1.3531,4.91845e-20,True,True,623
MYL9,-1.2403,4.30738e-11,-1.42182,1.2415e-16,True,True,625
CXCL12,-1.39052,6.89213e-09,-1.31047,4.44691e-12,True,True,625
CRTAC1,-1.51601,3.14522e-18,-1.20597,3.8202e-21,True,True,626
LINC00341 /// SYNE3,-1.4153,3.58037e-14,-1.30183,3.18367e-23,True,True,628
F2RL1,1.48785,2.97723e-14,1.22432,2.10237e-12,True,True,628
TPSB2,-1.06046,0.000137764,-1.59892,3.50417e-11,True,True,629
NR4A1,-1.60478,2.52162e-16,-1.15802,8.32036e-10,True,True,630
NTRK2,-1.13345,0.000678556,-1.50411,1.22951e-10,True,True,631
EML1,-1.49663,6.90552e-14,-1.20704,1.84879e-21,True,True,632
NR4A3,-1.81899,7.18405e-10,-1.02251,1.15414e-08,True,True,638
FAP,1.35783,2.24301e-09,1.30841,1.4235e-18,True,True,638
CDKN3,1.47029,4.21355e-11,1.21094,2.30027e-15,True,True,640
GADD45B,-1.50333,2.29528e-12,-1.18894,1.05855e-11,True,True,640
SVEP1,-1.49909,8.00393e-16,-1.19231,7.42597e-27,True,True,641
HPGD,-1.15078,0.000276583,-1.46484,1.32962e-09,True,True,641
DSP,1.03544,0.000235516,1.64961,4.61068e-11,True,True,642
KLF6,-1.49032,4.36073e-18,-1.19498,6.65708e-15,True,True,642
C5AR1,-1.51731,5.97582e-10,-1.17429,3.45528e-15,True,True,643
TACC1,-1.11243,2.20748e-18,-1.49806,1.30012e-29,True,True,643
CTNNAL1,-1.17788,1.81772e-15,-1.42791,1.47248e-23,True,True,645
FHL2,1.1629,4.93566e-10,1.44324,2.54976e-17,True,True,646
PDLIM2,-1.12967,2.24047e-18,-1.47907,3.28914e-25,True,True,649
PPP1R15A,-1.56507,9.92226e-18,-1.13843,1.14557e-14,True,True,650
ID1,-1.41762,3.75725e-09,-1.24267,8.97474e-11,True,True,653
SORD,1.2911,1.18235e-18,1.32023,5.12904e-17,True,True,655
LOC101928620 /// POU2AF1,1.41506,1.47308e-05,1.2424,2.50196e-07,True,True,657
PBK,1.35482,1.43432e-07,1.2675,1.07153e-09,True,True,659
CCNB2,1.6001,4.26218e-13,1.11397,1.39584e-16,True,True,660
EFNA4,1.61093,1.51129e-26,1.0941,1.39155e-15,True,True,660
LRRC32,-1.52867,4.50767e-16,-1.14201,7.0053e-22,True,True,663
DPT,-1.54956,1.49349e-12,-1.13128,4.66236e-11,True,True,664
MYH10,-1.17192,5.17308e-11,-1.40682,1.38455e-21,True,True,664
AHNAK,-1.22567,6.86886e-17,-1.35163,1.68219e-23,True,True,664
TBX3,-1.0353,1.39556e-15,-1.55723,9.35493e-21,True,True,665
TMEM106B,1.36986,3.12564e-15,1.23922,4.08816e-17,True,True,668
GPRC5A,-1.4481,2.37169e-12,-1.18476,1.91118e-14,True,True,670
TPBG,1.2882,5.86766e-17,1.29061,1.05824e-20,True,True,674
CPA3,-1.20074,5.42215e-05,-1.35451,9.66407e-13,True,True,674
KDELR2,1.14187,1.22821e-16,1.42227,1.17492e-27,True,True,675
EMP1,-1.74328,4.83438e-13,-1.00278,2.88703e-09,True,True,676
SFN,1.63473,2.17785e-09,1.03373,3.64599e-11,True,True,677
C1orf115,-1.247,1.96701e-14,-1.3039,2.88784e-21,True,True,680
CDK1,1.16651,4.464e-10,1.38011,9.34706e-16,True,True,680
TPX2,1.53913,1.39623e-11,1.09801,4.4884e-16,True,True,681
SOX4,1.18264,1.40152e-12,1.35181,7.39164e-21,True,True,682
DPYSL2,-1.01286,5.67724e-13,-1.53806,2.31736e-22,True,True,683
GFPT1,1.19435,1.45655e-12,1.34104,7.83791e-22,True,True,684
TGFBR2,-1.10436,4.83916e-13,-1.43081,3.20451e-23,True,True,685
HIST1H2BD,1.24413,1.41449e-14,1.2938,1.32028e-15,True,True,685
ALOX5,-1.08523,7.56911e-10,-1.44711,6.05357e-14,True,True,686
WFDC2,1.58642,4.30994e-11,1.05761,1.1984e-09,True,True,686
STARD13,-1.34765,3.03518e-22,-1.21982,2.32694e-35,True,True,688
FLI1,-1.41582,8.82447e-13,-1.18084,9.67675e-17,True,True,689
FOS,-1.49941,1.79748e-08,-1.11683,1.27369e-05,True,True,690
IGHM,1.07714,0.00084186,1.43813,6.95573e-09,True,True,694
PTRF,-1.21035,1.46556e-21,-1.29564,2.59533e-23,True,True,699
GPR87,1.18174,1.38936e-05,1.311,5.36454e-08,True,True,702
DST,-1.14892,2.18998e-13,-1.34206,7.86188e-20,True,True,705
PCP4,1.31375,2.07642e-08,1.19474,2.25635e-06,True,True,708
ZFP36,-1.4241,7.26097e-12,-1.15009,5.98764e-12,True,True,709
H3F3A /// H3F3B /// MIR4738,-1.25287,1.63012e-17,-1.23887,4.28735e-19,True,True,710
DPEP2,-1.28256,8.00393e-16,-1.21744,2.02132e-27,True,True,714
TCN1,1.60116,1.17282e-05,1.01474,3.22433e-06,True,True,714
FBLN1,-1.11282,1.66323e-08,-1.36241,3.84175e-21,True,True,716
EEF1A2,1.06243,5.31187e-08,1.42181,3.56141e-07,True,True,716
FERMT2,-1.19427,1.48857e-14,-1.27472,3.57897e-22,True,True,717
TIMP3,-1.08588,6.06788e-14,-1.39055,8.26878e-17,True,True,719
FAM49A,-1.3017,7.3499e-15,-1.17767,3.11902e-19,True,True,725
SYNE1,-1.48435,8.40327e-20,-1.05571,3.92019e-15,True,True,726
FGR,-1.42435,7.82446e-13,-1.12543,6.15983e-17,True,True,726
PPAP2B,-1.19004,6.1391e-12,-1.25771,4.13368e-22,True,True,727
SLC2A1,1.45784,2.25226e-10,1.05912,1.17339e-14,True,True,729
KIF4A,1.52089,4.74786e-11,1.02462,1.18888e-13,True,True,730
AK4 /// LOC100507855,1.32628,8.63806e-09,1.15861,2.28129e-14,True,True,731
TPSAB1 /// TPSB2,-1.11312,0.000182486,-1.32961,1.83529e-11,True,True,732
COL13A1,-1.3179,5.43403e-13,-1.15909,2.27845e-16,True,True,732
MYRF,-1.56054,7.21102e-16,-1.00468,1.39722e-13,True,True,733
GPR37 /// SEL1L2,1.23465,5.49272e-07,1.19688,1.65768e-09,True,True,737
HN1,1.05727,4.62196e-12,1.38832,3.49103e-19,True,True,737
PLLP,-1.10613,2.88589e-07,-1.32926,1.91037e-20,True,True,738
CADM1,-1.02058,5.05691e-08,-1.42309,4.6911e-12,True,True,740
CEACAM1,1.52619,5.2155e-12,1.01111,5.57373e-12,True,True,741
MCM4,1.16121,4.49849e-11,1.26355,4.82527e-17,True,True,741
KIF11,1.48366,2.66027e-11,1.02994,1.10194e-12,True,True,745
PCDH9,-1.38954,1.79337e-13,-1.09841,3.13816e-12,True,True,745
OLFML1,-1.33177,5.8991e-12,-1.13237,4.72575e-24,True,True,746
LEPREL1,-1.03626,1.5633e-06,-1.3975,5.7993e-24,True,True,748
PHACTR2,-1.17241,1.69701e-14,-1.22608,1.25883e-14,True,True,748
ZEB2,-1.29174,4.84702e-12,-1.14814,7.18519e-15,True,True,751
RASL12,-1.13247,2.47906e-14,-1.27334,4.06783e-25,True,True,754
MNDA,-1.50093,1.34555e-09,-1.00038,2.69829e-09,True,True,761
GMFG,-1.14688,4.2865e-14,-1.23105,5.5423e-22,True,True,763
IGLJ3,1.04652,0.000118515,1.33627,2.81853e-09,True,True,765
KCNN4,1.36374,3.02813e-11,1.07601,1.22392e-15,True,True,766
SRPX2,1.43818,8.55098e-12,1.02361,8.25109e-11,True,True,767
PROS1,-1.22447,3.22639e-11,-1.16833,1.44943e-12,True,True,767
HEY1,-1.1273,3.22957e-12,-1.2445,5.45935e-14,True,True,771
TSPAN6,1.21522,3.58229e-12,1.15941,1.87441e-15,True,True,773
CENPA /// SLC35F6,1.29287,2.38891e-10,1.11332,5.339e-13,True,True,773
MXRA5,1.45708,6.75155e-11,1.0073,1.11377e-10,True,True,774
IGLC1 /// IGLV3-25 /// IGLV3-25,1.04136,0.00101242,1.32247,1.13233e-06,True,True,775
DENND3,-1.37773,3.58278e-23,-1.04898,2.90557e-24,True,True,775
ITIH5,-1.23975,1.03908e-20,-1.13897,2.08166e-32,True,True,776
NFASC,-1.4576,1.32197e-14,-1.00302,1.84847e-19,True,True,776
ADAM28,1.34829,4.20416e-09,1.059,1.18888e-13,True,True,777
SNRK,-1.1384,9.50763e-17,-1.21807,6.63837e-24,True,True,779
WFS1,-1.0943,1.09023e-18,-1.25205,1.73999e-23,True,True,779
STK39,1.37674,7.03439e-19,1.03231,1.08473e-16,True,True,785
SECISBP2L,-1.02958,1.37323e-13,-1.32373,1.96578e-19,True,True,785
CX3CR1,-1.43551,3.83536e-08,-1.00818,3.86952e-09,True,True,786
PKIG,-1.30424,1.44587e-16,-1.07494,9.36854e-20,True,True,787
ZNF423,-1.23537,4.49201e-09,-1.12072,2.61013e-20,True,True,791
SLC7A11,1.04468,0.000104767,1.28446,1.66766e-08,True,True,791
ARHGAP29,-1.31447,8.15906e-16,-1.05065,2.84975e-12,True,True,792
BUB1,1.43731,1.62012e-11,1.00262,8.50094e-12,True,True,792
RTN1,-1.25783,4.0541e-10,-1.08561,2.78761e-16,True,True,796
IGKV1-37 /// IGKV1-37 /// IGKV1D-37 /// IGKV1D-37,1.0498,0.000412958,1.2641,1.35506e-07,True,True,797
KANK2,-1.08595,4.34322e-14,-1.2206,3.20451e-23,True,True,799
PDIA4,1.14679,5.0282e-15,1.17279,5.62763e-21,True,True,799
CBX7,-1.07185,8.67311e-14,-1.22996,4.91742e-22,True,True,803
LCN2,1.13047,9.85013e-05,1.18546,2.2007e-05,True,True,803
TNC,1.19997,9.76026e-07,1.12985,1.73916e-07,True,True,803
NPR1,-1.13118,2.62962e-14,-1.18215,6.62978e-34,True,True,804
IGLC1 /// IGLV3-10 /// IGLV3-10,1.04604,0.00137171,1.25751,2.17732e-08,True,True,805
PRDX4,1.03697,3.13174e-17,1.25996,1.03882e-20,True,True,809
DNAJB4,-1.29869,3.17437e-13,-1.02349,3.75164e-14,True,True,818
GGCT,1.16969,7.26598e-20,1.1269,1.06696e-18,True,True,819
ARRB1,-1.32454,3.26673e-26,-1.00737,2.60726e-22,True,True,824
ELTD1,-1.3046,7.33316e-13,-1.01416,1.76882e-15,True,True,824
SNX1,-1.14785,2.28723e-15,-1.1312,6.01617e-21,True,True,828
SERPING1,-1.06288,1.11944e-11,-1.18975,6.50062e-18,True,True,830
F8,-1.08784,2.60186e-11,-1.17145,5.42545e-14,True,True,830
ABLIM1,-1.22531,1.6735e-16,-1.04869,1.6341e-13,True,True,831
ALOX5AP,-1.10944,7.79924e-07,-1.15719,5.94521e-09,True,True,832
RAB11FIP1,-1.29036,6.41077e-15,-1.01379,1.27649e-11,True,True,833
S100A4,-1.09139,2.09152e-14,-1.16819,6.15808e-12,True,True,834
GPR126,-1.25367,3.6157e-08,-1.01827,5.97558e-08,True,True,840
RCAN1,-1.04227,7.96316e-12,-1.19426,2.17374e-16,True,True,840
LMCD1,-1.06049,1.05408e-13,-1.17178,5.69028e-19,True,True,844
CFB,1.22636,8.74417e-08,1.02114,1.56993e-08,True,True,847
CD97,-1.051,6.27135e-13,-1.17194,3.71489e-22,True,True,847
DUSP1,-1.15214,9.83871e-10,-1.07466,1.51291e-11,True,True,852
RCC1,1.23573,4.98028e-18,1.01044,1.94174e-25,True,True,855
PODXL,-1.06615,3.51162e-16,-1.15467,5.58737e-19,True,True,855
FKBP11,1.1421,3.77978e-13,1.07878,3.32895e-12,True,True,858
LAMA4,-1.03566,1.43942e-10,-1.17709,2.00697e-16,True,True,858
VCAN,1.09344,2.01104e-07,1.12847,1.13129e-11,True,True,858
NPR3,-1.15108,1.44083e-09,-1.05384,7.29227e-16,True,True,860
ANP32E,1.20371,1.516e-12,1.01578,4.5529e-13,True,True,864
SYNC,-1.02973,7.72613e-08,-1.17188,5.67899e-21,True,True,866
NDC80,1.20514,1.66609e-08,1.01319,1.60873e-10,True,True,867
CDH1,1.03621,4.24724e-16,1.16196,2.37876e-17,True,True,869
EZH2,1.19594,2.40018e-09,1.01062,7.64491e-11,True,True,873
EGR1,-1.13945,1.76751e-09,-1.04803,7.21951e-07,True,True,879
GMNN,1.07706,1.63468e-16,1.08805,5.26772e-15,True,True,885
CDKN2A,1.1509,2.02199e-08,1.01995,1.46195e-09,True,True,886
BZW2,1.03984,6.04067e-18,1.12763,9.97504e-24,True,True,890
ID3,-1.07433,3.1085e-10,-1.08291,1.18686e-14,True,True,890
RRAS,-1.11441,1.25435e-17,-1.0382,1.854e-19,True,True,891
KCNJ15,-1.00592,0.000874762,-1.14742,1.14349e-09,True,True,894
EPCAM,1.0282,8.96931e-09,1.13451,8.6941e-18,True,True,895
IRAK3,-1.13265,1.63255e-05,-1.01972,1.05258e-10,True,True,901
MEIS1,-1.04856,1.55087e-12,-1.08315,2.15938e-22,True,True,903
IGLJ3 /// IGLV3-19 /// IGLV3-19,1.04283,0.00029267,1.0906,1.35827e-07,True,True,903
HLF,-1.07225,7.44326e-07,-1.04821,1.36606e-20,True,True,910
EOGT,-1.07654,1.4532e-09,-1.03469,3.3784e-14,True,True,912
ACACB,-1.05816,8.6322e-12,-1.05174,6.00598e-26,True,True,913
AKT3,-1.05286,1.12106e-12,-1.05303,6.53898e-19,True,True,914
PMP22,-1.01583,1.29776e-11,-1.09607,5.33488e-18,True,True,916
ECM2,-1.06829,1.19622e-06,-1.03314,1.56684e-14,True,True,918
EPB41L2,-1.01392,1.27765e-11,-1.09227,7.70432e-22,True,True,919
CTGF,-1.03311,2.22939e-05,-1.04009,1.1737e-06,True,True,940
FEN1,1.00314,1.11693e-11,1.04902,5.96076e-16,True,True,945
CD55,-1.0106,4.54135e-11,-1.03179,1.35588e-07,True,True,954
MCAM /// MIR6756,-1.00307,1.97037e-08,-1.02335,1.11995e-11,True,True,964
TMPRSS11E,1.03747,1.99622e-05,1.0039,1.81621e-06,True,True,964
